{
  "swagger": "2.0",
  "info": {
    "version": "1.0.0",
    "title": "Innohub Api Documentation",
    "description": "Innohub Application API",
    "license": {
      "name": "MIT",
      "url": "https://opensource.org/licenses/MIT"
    }
  },
  "host": "194.195.115.192:8000",
  "basePath": "/",
  "tags": [
    {
      "name": "Innohub",
      "description": "API for Innohub"
    }
  ],
  "paths": {
    "/api/state": {
      "get": {
        "tags": ["States"],
        "summary": "Get all States",
        "responses": {
          "200": {
            "description": "OK"
          }
        }
      },
      "post": {
        "tags": ["States"],
        "summary": "Create a new State",
        "parameters": [
          {
            "name": "State",
            "in": "body",
            "required": true,
            "description": "State object",
            "schema": {
              "type": "object",
              "properties": {
                "name": {
                  "type": "string",
                  "description": "Name of the state"
                }
              }
            }
          }
        ],
        "responses": {
          "201": {
            "description": "State created successfully"
          }
        }
      }
    },
    "/api/state/{stateId}": {
      "get": {
        "tags": ["States"],
        "summary": "Get State by ID",
        "parameters": [
          {
            "name": "stateId",
            "in": "path",
            "required": true,
            "description": "ID of the state",
            "type": "integer"
          }
        ],
        "responses": {
          "200": {
            "description": "OK"
          }
        }
      },
      "put": {
        "tags": ["States"],
        "summary": "Update State by ID",
        "parameters": [
          {
            "name": "stateId",
            "in": "path",
            "required": true,
            "description": "ID of the state",
            "type": "integer"
          },
          {
            "name": "State",
            "in": "body",
            "required": true,
            "description": "State object",
            "schema": {
              "type": "object",
              "properties": {
                "name": {
                  "type": "string",
                  "description": "Name of the state"
                }
              }
            }
          }
        ],
        "responses": {
          "200": {
            "description": "State updated successfully"
          }
        }
      }
    },
    "/api/state/{stateId}/deactivate": {
      "put": {
        "tags": ["States"],
        "summary": "Deactivate State by ID",
        "parameters": [
          {
            "name": "stateId",
            "in": "path",
            "required": true,
            "description": "ID of the state",
            "type": "integer"
          }
        ],
        "responses": {
          "200": {
            "description": "State deactivated successfully"
          }
        }
      }
    },
    "/api/city": {
      "get": {
        "tags": ["Cities"],
        "summary": "Get all Cities",
        "responses": {
          "200": {
            "description": "OK"
          }
        }
      },
      "post": {
        "tags": ["Cities"],
        "summary": "Create a new City",
        "parameters": [
          {
            "name": "City",
            "in": "body",
            "required": true,
            "description": "City object",
            "schema": {
              "type": "object",
              "properties": {
                "name": {
                  "type": "string",
                  "description": "Name of the city"
                },
                "stateId": {
                  "type": "integer",
                  "description": "ID of the state this city belongs to"
                }
              }
            }
          }
        ],
        "responses": {
          "201": {
            "description": "City created successfully"
          }
        }
      }
    },
    "/api/city/{stateId}": {
      "get": {
        "tags": ["Cities"],
        "summary": "Get Cities by State ID",
        "parameters": [
          {
            "name": "stateId",
            "in": "path",
            "required": true,
            "description": "ID of the state",
            "type": "integer"
          }
        ],
        "responses": {
          "200": {
            "description": "OK"
          }
        }
      }
    },
    "/api/city/{cityId}/city": {
      "get": {
        "tags": ["Cities"],
        "summary": "Get City by City ID",
        "parameters": [
          {
            "name": "cityId",
            "in": "path",
            "required": true,
            "description": "ID of the city",
            "type": "integer"
          }
        ],
        "responses": {
          "200": {
            "description": "OK"
          }
        }
      },
      "put": {
        "tags": ["Cities"],
        "summary": "Update City by City ID",
        "parameters": [
          {
            "name": "cityId",
            "in": "path",
            "required": true,
            "description": "ID of the city",
            "type": "integer"
          },
          {
            "name": "City",
            "in": "body",
            "required": true,
            "description": "City object",
            "schema": {
              "type": "object",
              "properties": {
                "name": {
                  "type": "string",
                  "description": "Name of the city"
                },
                "stateId": {
                  "type": "integer",
                  "description": "ID of the state this city belongs to"
                }
              }
            }
          }
        ],
        "responses": {
          "200": {
            "description": "City updated successfully"
          }
        }
      }
    },
    "/api/city/{cityId}/deactivate": {
      "put": {
        "tags": ["Cities"],
        "summary": "Deactivate City by City ID",
        "parameters": [
          {
            "name": "cityId",
            "in": "path",
            "required": true,
            "description": "ID of the city",
            "type": "integer"
          }
        ],
        "responses": {
          "200": {
            "description": "City deactivated successfully"
          }
        }
      }
    }
  }
}